record_id,first_name,last_name,address,email_address,product_sku,product_quantity
934653,Kim,Hogan,"29293 Charles Forge Suite 766, Lake Amanda, ND 30564",carolyn43@example.net,4898,3
334676,Gregory,Potts,"29293 Charles Forge Suite 766, Lake Amanda, ND 30564",carolyn43@example.net,8530,2
592644,Hannah,Estes,"29293 Charles Forge Suite 766, Lake Amanda, ND 30564",carolyn43@example.net,1909,2
716513,Grace,Martin,"29293 Charles Forge Suite 766, Lake Amanda, ND 30564",carolyn43@example.net,7202,1
177680,Lauren,Jones,"29293 Charles Forge Suite 766, Lake Amanda, ND 30564",carolyn43@example.net,1533,10
345857,Melissa,Kent,"29293 Charles Forge Suite 766, Lake Amanda, ND 30564",carolyn43@example.net,9289,5
877491,Tina,Chaney,"29293 Charles Forge Suite 766, Lake Amanda, ND 30564",carolyn43@example.net,3179,10
325273,Kaylee,Hendrix,"29293 Charles Forge Suite 766, Lake Amanda, ND 30564",carolyn43@example.net,9297,6
732850,Leslie,Robinson,"29293 Charles Forge Suite 766, Lake Amanda, ND 30564",carolyn43@example.net,1520,10
160100,Robert,Hernandez,"29293 Charles Forge Suite 766, Lake Amanda, ND 30564",carolyn43@example.net,4569,4
668851,Jeffery,Brown,"29293 Charles Forge Suite 766, Lake Amanda, ND 30564",carolyn43@example.net,4260,7
625501,Karen,Woods,"29293 Charles Forge Suite 766, Lake Amanda, ND 30564",carolyn43@example.net,7370,6
779110,Christian,Gonzalez,"29293 Charles Forge Suite 766, Lake Amanda, ND 30564",carolyn43@example.net,5138,3
994390,Laura,Hernandez,"29293 Charles Forge Suite 766, Lake Amanda, ND 30564",carolyn43@example.net,4324,1
992609,Ann,Mclaughlin,"29293 Charles Forge Suite 766, Lake Amanda, ND 30564",carolyn43@example.net,4443,6
789303,Jacob,Marquez,"29293 Charles Forge Suite 766, Lake Amanda, ND 30564",carolyn43@example.net,3692,9
388827,Lisa,Mathis,"29293 Charles Forge Suite 766, Lake Amanda, ND 30564",carolyn43@example.net,6056,4
694209,Linda,Nash,"29293 Charles Forge Suite 766, Lake Amanda, ND 30564",carolyn43@example.net,5975,9
679092,Bryan,Anderson,"29293 Charles Forge Suite 766, Lake Amanda, ND 30564",carolyn43@example.net,3224,8
574256,Joshua,Chavez,"29293 Charles Forge Suite 766, Lake Amanda, ND 30564",carolyn43@example.net,6895,1
320651,Barbara,Johnson,"29293 Charles Forge Suite 766, Lake Amanda, ND 30564",carolyn43@example.net,4154,5
954191,Thomas,Lopez,"29293 Charles Forge Suite 766, Lake Amanda, ND 30564",carolyn43@example.net,8315,9
257011,Kelly,Benitez,"29293 Charles Forge Suite 766, Lake Amanda, ND 30564",carolyn43@example.net,6812,9
308220,Elizabeth,Chavez,"29293 Charles Forge Suite 766, Lake Amanda, ND 30564",carolyn43@example.net,3568,1
659830,Drew,Carter,"29293 Charles Forge Suite 766, Lake Amanda, ND 30564",carolyn43@example.net,6981,6
540347,Jennifer,Vargas,"29293 Charles Forge Suite 766, Lake Amanda, ND 30564",carolyn43@example.net,2409,7
325375,Stephanie,Ruiz,"29293 Charles Forge Suite 766, Lake Amanda, ND 30564",carolyn43@example.net,2062,1
559032,Kevin,Mills,"29293 Charles Forge Suite 766, Lake Amanda, ND 30564",carolyn43@example.net,3523,7
498076,Annette,White,"29293 Charles Forge Suite 766, Lake Amanda, ND 30564",carolyn43@example.net,8032,9
768959,Kevin,Hill,"29293 Charles Forge Suite 766, Lake Amanda, ND 30564",carolyn43@example.net,7198,2
520610,Kenneth,Lane,"29293 Charles Forge Suite 766, Lake Amanda, ND 30564",carolyn43@example.net,9615,5
834762,Christopher,Anderson,"29293 Charles Forge Suite 766, Lake Amanda, ND 30564",carolyn43@example.net,3943,9
746921,Craig,Johnson,"29293 Charles Forge Suite 766, Lake Amanda, ND 30564",carolyn43@example.net,3233,7
739712,Kayla,Carr,"29293 Charles Forge Suite 766, Lake Amanda, ND 30564",carolyn43@example.net,5545,9
835092,Jessica,Gray,"29293 Charles Forge Suite 766, Lake Amanda, ND 30564",carolyn43@example.net,9489,5
424861,Emily,Rodriguez,"29293 Charles Forge Suite 766, Lake Amanda, ND 30564",carolyn43@example.net,3249,3
437837,Michael,Jones,"29293 Charles Forge Suite 766, Lake Amanda, ND 30564",carolyn43@example.net,9492,5
276571,Rebecca,Gordon,"29293 Charles Forge Suite 766, Lake Amanda, ND 30564",carolyn43@example.net,1857,5
571703,Michael,Peterson,"29293 Charles Forge Suite 766, Lake Amanda, ND 30564",carolyn43@example.net,6518,7
213598,Cynthia,Green,"29293 Charles Forge Suite 766, Lake Amanda, ND 30564",carolyn43@example.net,5497,7
657140,Darrell,Reed,"29293 Charles Forge Suite 766, Lake Amanda, ND 30564",carolyn43@example.net,6425,8
972481,Brittany,Davis,"29293 Charles Forge Suite 766, Lake Amanda, ND 30564",carolyn43@example.net,3395,9
548784,Courtney,Moore,"29293 Charles Forge Suite 766, Lake Amanda, ND 30564",carolyn43@example.net,4823,1
490353,Jennifer,Vaughan,"29293 Charles Forge Suite 766, Lake Amanda, ND 30564",carolyn43@example.net,6449,10
535295,James,Silva,"29293 Charles Forge Suite 766, Lake Amanda, ND 30564",carolyn43@example.net,4069,8
701040,Destiny,Leonard,"29293 Charles Forge Suite 766, Lake Amanda, ND 30564",carolyn43@example.net,1644,5
350995,John,Gray,"29293 Charles Forge Suite 766, Lake Amanda, ND 30564",carolyn43@example.net,5563,7
950764,Carlos,Flowers,"29293 Charles Forge Suite 766, Lake Amanda, ND 30564",carolyn43@example.net,7316,10
909890,Andrew,Rivera,"29293 Charles Forge Suite 766, Lake Amanda, ND 30564",carolyn43@example.net,9635,9
899843,Christopher,Robinson,"29293 Charles Forge Suite 766, Lake Amanda, ND 30564",carolyn43@example.net,4753,10
654390,Thomas,Mosley,"29293 Charles Forge Suite 766, Lake Amanda, ND 30564",carolyn43@example.net,9434,3
389957,Mark,Curtis,"29293 Charles Forge Suite 766, Lake Amanda, ND 30564",carolyn43@example.net,7986,10
816867,Joshua,Gordon,"29293 Charles Forge Suite 766, Lake Amanda, ND 30564",carolyn43@example.net,6586,7
947253,Dwayne,Romero,"29293 Charles Forge Suite 766, Lake Amanda, ND 30564",carolyn43@example.net,8450,6
637209,Melissa,Peterson,"29293 Charles Forge Suite 766, Lake Amanda, ND 30564",carolyn43@example.net,8733,9
660621,Bethany,Owen,"29293 Charles Forge Suite 766, Lake Amanda, ND 30564",carolyn43@example.net,1856,1
306412,Matthew,Shah,"29293 Charles Forge Suite 766, Lake Amanda, ND 30564",carolyn43@example.net,4177,4
891648,Stacey,Clark,"29293 Charles Forge Suite 766, Lake Amanda, ND 30564",carolyn43@example.net,4319,2
843422,David,Mills,"29293 Charles Forge Suite 766, Lake Amanda, ND 30564",carolyn43@example.net,5852,3
399339,Danielle,Abbott,"29293 Charles Forge Suite 766, Lake Amanda, ND 30564",carolyn43@example.net,2768,5
163084,Jennifer,Garcia,"29293 Charles Forge Suite 766, Lake Amanda, ND 30564",carolyn43@example.net,7646,1
797694,Robert,Brown,"29293 Charles Forge Suite 766, Lake Amanda, ND 30564",carolyn43@example.net,5148,8
999717,Brandon,Lopez,"29293 Charles Forge Suite 766, Lake Amanda, ND 30564",carolyn43@example.net,3947,10
573065,Carl,Arias,"29293 Charles Forge Suite 766, Lake Amanda, ND 30564",carolyn43@example.net,1602,9
441421,Sarah,Haley,"29293 Charles Forge Suite 766, Lake Amanda, ND 30564",carolyn43@example.net,4235,9
429754,Daniel,Morgan,"29293 Charles Forge Suite 766, Lake Amanda, ND 30564",carolyn43@example.net,2560,4
313967,Christopher,White,"29293 Charles Forge Suite 766, Lake Amanda, ND 30564",carolyn43@example.net,7030,3
305685,Jose,Tucker,"29293 Charles Forge Suite 766, Lake Amanda, ND 30564",carolyn43@example.net,5187,1
468503,Kyle,Guzman,"29293 Charles Forge Suite 766, Lake Amanda, ND 30564",carolyn43@example.net,5573,4
523111,Roger,Rodriguez,"29293 Charles Forge Suite 766, Lake Amanda, ND 30564",carolyn43@example.net,8192,5
898915,Megan,Lowe,"29293 Charles Forge Suite 766, Lake Amanda, ND 30564",carolyn43@example.net,5162,4
335517,Marc,Reid,"29293 Charles Forge Suite 766, Lake Amanda, ND 30564",carolyn43@example.net,4398,3
463597,Joshua,Rice,"29293 Charles Forge Suite 766, Lake Amanda, ND 30564",carolyn43@example.net,7001,4
778876,Kyle,Wilson,"29293 Charles Forge Suite 766, Lake Amanda, ND 30564",carolyn43@example.net,2503,4
978494,Michelle,Medina,"29293 Charles Forge Suite 766, Lake Amanda, ND 30564",carolyn43@example.net,9853,5
476288,Brandon,Stewart,"29293 Charles Forge Suite 766, Lake Amanda, ND 30564",carolyn43@example.net,4224,9
675230,Brian,Hansen,"29293 Charles Forge Suite 766, Lake Amanda, ND 30564",carolyn43@example.net,5264,9
858347,Jeffrey,Bond,"29293 Charles Forge Suite 766, Lake Amanda, ND 30564",carolyn43@example.net,8455,5
617793,Anna,Keller,"29293 Charles Forge Suite 766, Lake Amanda, ND 30564",carolyn43@example.net,6719,7
881230,Mary,Flynn,"29293 Charles Forge Suite 766, Lake Amanda, ND 30564",carolyn43@example.net,9146,7
203067,Adam,Cabrera,"29293 Charles Forge Suite 766, Lake Amanda, ND 30564",carolyn43@example.net,6394,2
404545,Penny,Jones,"29293 Charles Forge Suite 766, Lake Amanda, ND 30564",carolyn43@example.net,4420,10
778097,Colleen,Hall,"29293 Charles Forge Suite 766, Lake Amanda, ND 30564",carolyn43@example.net,2058,7
702382,Richard,Jefferson,"29293 Charles Forge Suite 766, Lake Amanda, ND 30564",carolyn43@example.net,6166,10
891966,Jessica,Fuller,"29293 Charles Forge Suite 766, Lake Amanda, ND 30564",carolyn43@example.net,9075,2
897894,Matthew,Butler,"29293 Charles Forge Suite 766, Lake Amanda, ND 30564",carolyn43@example.net,5158,5
505823,Alexander,Greene,"29293 Charles Forge Suite 766, Lake Amanda, ND 30564",carolyn43@example.net,7299,9
441694,Javier,Spencer,"29293 Charles Forge Suite 766, Lake Amanda, ND 30564",carolyn43@example.net,9182,6
950682,Joe,Brown,"29293 Charles Forge Suite 766, Lake Amanda, ND 30564",carolyn43@example.net,3070,5
177260,Holly,Delacruz,"29293 Charles Forge Suite 766, Lake Amanda, ND 30564",carolyn43@example.net,8621,7
357039,Carlos,Bird,"29293 Charles Forge Suite 766, Lake Amanda, ND 30564",carolyn43@example.net,2401,3
786280,Kimberly,Richardson,"29293 Charles Forge Suite 766, Lake Amanda, ND 30564",carolyn43@example.net,1120,10
840934,Stacey,Jones,"29293 Charles Forge Suite 766, Lake Amanda, ND 30564",carolyn43@example.net,4758,10
492803,Leah,Carson,"29293 Charles Forge Suite 766, Lake Amanda, ND 30564",carolyn43@example.net,8016,1
568579,Katherine,Davies,"29293 Charles Forge Suite 766, Lake Amanda, ND 30564",carolyn43@example.net,1503,6
864156,Jackie,Parsons,"29293 Charles Forge Suite 766, Lake Amanda, ND 30564",carolyn43@example.net,3697,10
682779,Elizabeth,Wright,"29293 Charles Forge Suite 766, Lake Amanda, ND 30564",carolyn43@example.net,2872,4
990940,Tyler,Powell,"29293 Charles Forge Suite 766, Lake Amanda, ND 30564",carolyn43@example.net,1928,10
638035,Ryan,Romero,"29293 Charles Forge Suite 766, Lake Amanda, ND 30564",carolyn43@example.net,6564,10
294031,Willie,Smith,"29293 Charles Forge Suite 766, Lake Amanda, ND 30564",carolyn43@example.net,6263,3
